iter	Logloss
0	0.4761785859
1	0.3660325119
2	0.2874913097
3	0.2525389849
4	0.2261108573
5	0.1946784749
6	0.1833315737
7	0.1523792193
8	0.1386676164
9	0.128814129
