,Acc,Auc,Mcc,Sen,Sp
-DT.csv,0.8846153846153846,0.9852071005917159,0.7692307692307693,0.8846153846153846,0.8846153846153846
