,Acc,Auc,Mcc,Sen,Sp
-DT.csv,0.8846153846153846,0.8846153846153845,0.7692307692307693,0.8846153846153846,0.8846153846153846
