,Acc,Auc,Mcc,Sen,Sp
PDT-Profile.csv,0.9423076923076923,0.9423076923076923,0.8905635565617213,0.8846153846153846,1.0
