,Acc,Auc,Mcc,Sen,Sp
DT,0.9230769230769231,0.9541420118343195,0.8486684247915055,0.9615384615384616,0.8846153846153846
