,Acc,Auc,Mcc,Sen,Sp
PC-PseAAC-General.csv,0.9012738853503185,0.9012738853503185,0.8026943265142602,0.89171974522293,0.910828025477707
PC-PseAAC.csv,0.8630573248407644,0.9336281390725791,0.7279034580402857,0.8280254777070064,0.8980891719745223
