,Acc,Auc,Mcc,Sen,Sp
PC-PseAAC-General.csv,0.9012738853503185,0.9012738853503185,0.8026943265142602,0.89171974522293,0.910828025477707
PC-PseAAC.csv,0.8630573248407644,0.9336281390725791,0.7279034580402857,0.8280254777070064,0.8980891719745223
DR.csv,0.8598726114649682,0.9099354943405412,0.719803629586117,0.8535031847133758,0.8662420382165605
