,Acc,Auc,Mcc,Sen,Sp
PC-PseAAC.csv,0.9012738853503185,0.9473406629072174,0.8026943265142602,0.89171974522293,0.910828025477707
PC-PseAAC-General.csv,0.9012738853503185,0.9473406629072174,0.8026943265142602,0.89171974522293,0.910828025477707
SC-PseAAC.csv,0.8885350318471338,0.9519250273844779,0.7774644314502371,0.8726114649681529,0.9044585987261147
DR.csv,0.8757961783439491,0.9494908515558441,0.7516076030513674,0.8726114649681529,0.8789808917197452
