,Acc,Auc,Mcc,Sen,Sp
DictionaryLearning.csv,0.7692307692307693,0.8476331360946746,0.5449492609130661,0.6923076923076923,0.8461538461538461
