,Acc,Auc,Mcc,Sen,Sp
PDT-Profile,0.9423076923076923,0.9704142011834319,0.8905635565617213,0.8846153846153846,1.0
DT,0.9230769230769231,0.9541420118343195,0.8486684247915055,0.9615384615384616,0.8846153846153846
Top-n-gram,0.9230769230769231,0.9230769230769231,0.8563488385776753,0.8461538461538461,1.0
PC-PseAAC-General,0.9038461538461539,0.9142011834319526,0.808290376865476,0.8846153846153846,0.9230769230769231
PC-PseAAC,0.9038461538461539,0.9142011834319526,0.808290376865476,0.8846153846153846,0.9230769230769231
PSSM-DT,0.8461538461538461,0.9171597633136095,0.6923076923076923,0.8461538461538461,0.8461538461538461
ACC-PSSM,0.7884615384615384,0.9112426035502958,0.5878963512522154,0.6923076923076923,0.8846153846153846
