,Acc,Auc,Mcc,Sen,Sp
PC-PseAAC-General.csv,0.9012738853503185,0.9012738853503185,0.8026943265142602,0.89171974522293,0.910828025477707
