,Acc,Auc,Mcc,Sen,Sp
SC-PseAAC.csv,0.8885350318471338,0.8885350318471338,0.7774644314502371,0.8726114649681529,0.9044585987261147
PC-PseAAC.csv,0.8630573248407644,0.9336281390725791,0.7279034580402857,0.8280254777070064,0.8980891719745223
PC-PseAAC-General.csv,0.8630573248407644,0.9336281390725791,0.7279034580402857,0.8280254777070064,0.8980891719745223
DR.csv,0.8598726114649682,0.9099354943405412,0.719803629586117,0.8535031847133758,0.8662420382165605
