,Acc,Auc,Mcc,Sen,Sp
PDT-Profile.csv,0.9423076923076923,0.9704142011834319,0.8905635565617213,0.8846153846153846,1.0
feature-DT.csv,0.9230769230769231,0.9541420118343195,0.8486684247915055,0.9615384615384616,0.8846153846153846
Top-n-gram.csv,0.9230769230769231,0.9792899408284024,0.8563488385776753,0.8461538461538461,1.0
DictionaryLearning.csv,0.7692307692307693,0.8476331360946746,0.5449492609130661,0.6923076923076923,0.8461538461538461
