,Acc,Auc,Mcc,Sen,Sp
PDT-Profile,0.9423076923076923,0.9704142011834319,0.8905635565617213,0.8846153846153846,1.0
Top-n-gram,0.9230769230769231,0.9792899408284024,0.8563488385776753,0.8461538461538461,1.0
